[{"id": "19713153", "title": " - ISEN C955\nModule de Programmation 2 : Approfondissement\n08:00 - 10:05\nMadame VEILLON", "start": "2022-01-17T08:00:00+0100", "end": "2022-01-17T10:05:00+0100", "allDay": false, "editable": true, "className": "COURS_TD"}, {"id": "15241273", "title": " - ISEN A811\nModule d'Anglais S2\n10:20 - 12:25\nMadame EBENGA", "start": "2022-01-17T10:20:00+0100", "end": "2022-01-17T12:25:00+0100", "allDay": false, "editable": true, "className": "COURS_TD"}, {"id": "19775118", "title": " - ISEN B804     (H)\nModule d'Epist\u00e9mologie\n15:50 - 17:55\nMadame GACHES-FOURCROY", "start": "2022-01-17T15:50:00+0100", "end": "2022-01-17T17:55:00+0100", "allDay": false, "editable": true, "className": "COURS_TD"}, {"id": "15576100", "title": " - ISEN C304 - Amphi JND     (H)\nModule de Math\u00e9matiques 3 : Arithm\u00e9tique\n08:00 - 10:05\nMadame SAINI", "start": "2022-01-18T08:00:00+0100", "end": "2022-01-18T10:05:00+0100", "allDay": false, "editable": true, "className": "CM"}, {"id": "19713223", "title": " - ISEN A816\nModule de Programmation 2 : Approfondissement\n10:20 - 12:25\nMadame VEILLON", "start": "2022-01-18T10:20:00+0100", "end": "2022-01-18T12:25:00+0100", "allDay": false, "editable": true, "className": "COURS_TD"}, {"id": "22493094", "title": " - ISEN B803     (H)\nModule de Technologies Web\n13:30 - 15:35\nMadame BENYOUSSEF", "start": "2022-01-18T13:30:00+0100", "end": "2022-01-18T15:35:00+0100", "allDay": false, "editable": true, "className": "COURS_TD"}, {"id": "15243208", "title": "Navette 60 Bd Vauban - Complexe sportif d'Enneti\u00e8res-en-Weppes\nModule de Sport S2\n16:00 - 18:20\nMonsieur ALEXANDRE", "start": "2022-01-18T16:00:00+0100", "end": "2022-01-18T18:20:00+0100", "allDay": false, "editable": true, "className": "TP"}, {"id": "15581996", "title": " - ISEN B803     (H)\nModule de Math\u00e9matiques 3 : Arithm\u00e9tique\n13:30 - 15:35\nMadame DHAYERE", "start": "2022-01-19T13:30:00+0100", "end": "2022-01-19T15:35:00+0100", "allDay": false, "editable": true, "className": "TD"}, {"id": "15597053", "title": " - ISEN A816\nModule de M\u00e9canique\n15:50 - 17:55\nMonsieur SCOTTEZ", "start": "2022-01-19T15:50:00+0100", "end": "2022-01-19T17:55:00+0100", "allDay": false, "editable": true, "className": "TD"}, {"id": "15576111", "title": " - ISEN C304 - Amphi JND     (H)\nModule de Math\u00e9matiques 3 : Arithm\u00e9tique\n08:00 - 10:05\nMadame SAINI", "start": "2022-01-20T08:00:00+0100", "end": "2022-01-20T10:05:00+0100", "allDay": false, "editable": true, "className": "CM"}, {"id": "15589347", "title": " - ISEN C304 - Amphi JND     (H)\nModule de M\u00e9canique\n10:20 - 12:25\nMonsieur N'KONOU", "start": "2022-01-20T10:20:00+0100", "end": "2022-01-20T12:25:00+0100", "allDay": false, "editable": true, "className": "CM"}, {"id": "15586682", "title": " - ISEN B803     (H)\nModule de Math\u00e9matiques 3 : Arithm\u00e9tique\n10:20 - 11:20\n DUBOIS", "start": "2022-01-21T10:20:00+0100", "end": "2022-01-21T11:20:00+0100", "allDay": false, "editable": true, "className": "TD"}, {"id": "15598512", "title": " - ISEN A816\nModule de M\u00e9canique\n11:25 - 12:25\nMonsieur SCOTTEZ", "start": "2022-01-21T11:25:00+0100", "end": "2022-01-21T12:25:00+0100", "allDay": false, "editable": true, "className": "TD"}, {"id": "23565855", "title": " - ISEN B803     (H)\nModule d'Informatique Pratique\n13:30 - 15:35\nMonsieur RICQ", "start": "2022-01-21T13:30:00+0100", "end": "2022-01-21T15:35:00+0100", "allDay": false, "editable": true, "className": "TP"}, {"id": "22493972", "title": " - ISEN B804     (H)\nModule d'Informatique Embarqu\u00e9e\n15:50 - 17:55\nMadame VEILLON", "start": "2022-01-21T15:50:00+0100", "end": "2022-01-21T17:55:00+0100", "allDay": false, "editable": true, "className": "TP"}, {"id": "19713119", "title": " - ISEN C955\nModule de Programmation 2 : Approfondissement\n08:00 - 10:05\nMadame VEILLON", "start": "2022-01-24T08:00:00+0100", "end": "2022-01-24T10:05:00+0100", "allDay": false, "editable": true, "className": "COURS_TD"}, {"id": "15241283", "title": " - ISEN C956     (H)\nModule d'Anglais S2\n10:20 - 12:25\nMadame EBENGA", "start": "2022-01-24T10:20:00+0100", "end": "2022-01-24T12:25:00+0100", "allDay": false, "editable": true, "className": "COURS_TD"}, {"id": "19774894", "title": " - ISEN C956     (H)\nModule d'Epist\u00e9mologie\n15:50 - 17:55\nMadame DE LORIOL", "start": "2022-01-24T15:50:00+0100", "end": "2022-01-24T17:55:00+0100", "allDay": false, "editable": true, "className": "COURS_TD"}, {"id": "15576122", "title": " - ISEN C304 - Amphi JND     (H)\nModule de Math\u00e9matiques 3 : Arithm\u00e9tique\n08:00 - 10:05\nMadame SAINI", "start": "2022-01-25T08:00:00+0100", "end": "2022-01-25T10:05:00+0100", "allDay": false, "editable": true, "className": "CM"}, {"id": "19713254", "title": " - ISEN A816\nModule de Programmation 2 : Approfondissement\n10:20 - 12:25\nMadame VEILLON", "start": "2022-01-25T10:20:00+0100", "end": "2022-01-25T12:25:00+0100", "allDay": false, "editable": true, "className": "COURS_TD"}, {"id": "22493109", "title": " - ISEN B803     (H)\nModule de Technologies Web\n13:30 - 15:35\nMadame BENYOUSSEF", "start": "2022-01-25T13:30:00+0100", "end": "2022-01-25T15:35:00+0100", "allDay": false, "editable": true, "className": "COURS_TD"}, {"id": "15243218", "title": "Navette 60 Bd Vauban - Complexe sportif d'Enneti\u00e8res-en-Weppes\nModule de Sport S2\n16:00 - 18:20\nMonsieur ALEXANDRE", "start": "2022-01-25T16:00:00+0100", "end": "2022-01-25T18:20:00+0100", "allDay": false, "editable": true, "className": "TP"}, {"id": "15573439", "title": "TP #8 - ISEN B803     (H)\nModule de Math\u00e9matiques pratiques S2\n10:20 - 12:25\nMadame SAINI", "start": "2022-01-26T10:20:00+0100", "end": "2022-01-26T12:25:00+0100", "allDay": false, "editable": true, "className": "TP"}, {"id": "15582007", "title": " - ISEN B803     (H)\nModule de Math\u00e9matiques 3 : Arithm\u00e9tique\n13:30 - 15:35\nMadame DHAYERE", "start": "2022-01-26T13:30:00+0100", "end": "2022-01-26T15:35:00+0100", "allDay": false, "editable": true, "className": "TD"}, {"id": "15597064", "title": " - ISEN A816\nModule de M\u00e9canique\n15:50 - 17:55\nMonsieur SCOTTEZ", "start": "2022-01-26T15:50:00+0100", "end": "2022-01-26T17:55:00+0100", "allDay": false, "editable": true, "className": "TD"}, {"id": "15576133", "title": " - ISEN C304 - Amphi JND     (H)\nModule de Math\u00e9matiques 3 : Arithm\u00e9tique\n08:00 - 10:05\nMadame SAINI", "start": "2022-01-27T08:00:00+0100", "end": "2022-01-27T10:05:00+0100", "allDay": false, "editable": true, "className": "CM"}, {"id": "15589358", "title": " - ISEN C304 - Amphi JND     (H)\nModule de M\u00e9canique\n10:20 - 12:25\nMonsieur N'KONOU", "start": "2022-01-27T10:20:00+0100", "end": "2022-01-27T12:25:00+0100", "allDay": false, "editable": true, "className": "CM"}, {"id": "23962954", "title": " - ISEN C304 - Amphi JND     (H)\nModule de Math\u00e9matiques 3 : Arithm\u00e9tique\n07:50 - 09:00\nMadame SAINI", "start": "2022-01-28T07:50:00+0100", "end": "2022-01-28T09:00:00+0100", "allDay": false, "editable": true, "className": "est-epreuve"}, {"id": "23963312", "title": " - ISEN C304 - Amphi JND     (H)\nModule de M\u00e9canique\n09:05 - 10:05\nMonsieur N'KONOU", "start": "2022-01-28T09:05:00+0100", "end": "2022-01-28T10:05:00+0100", "allDay": false, "editable": true, "className": "est-epreuve"}, {"id": "15586693", "title": " - ISEN B803     (H)\nModule de Math\u00e9matiques 3 : Arithm\u00e9tique\n10:20 - 11:20\n DUBOIS", "start": "2022-01-28T10:20:00+0100", "end": "2022-01-28T11:20:00+0100", "allDay": false, "editable": true, "className": "TD"}, {"id": "15598523", "title": " - ISEN A816\nModule de M\u00e9canique\n11:25 - 12:25\nMonsieur SCOTTEZ", "start": "2022-01-28T11:25:00+0100", "end": "2022-01-28T12:25:00+0100", "allDay": false, "editable": true, "className": "TD"}, {"id": "23565921", "title": " - ISEN B803     (H)\nModule d'Informatique Pratique\n13:30 - 15:35\nMonsieur RICQ", "start": "2022-01-28T13:30:00+0100", "end": "2022-01-28T15:35:00+0100", "allDay": false, "editable": true, "className": "TP"}, {"id": "22494006", "title": " - ISEN B804     (H)\nModule d'Informatique Embarqu\u00e9e\n15:50 - 17:55\nMadame VEILLON", "start": "2022-01-28T15:50:00+0100", "end": "2022-01-28T17:55:00+0100", "allDay": false, "editable": true, "className": "TP"}, {"id": "21634021", "title": " - ISEN B506     (H)\nModule d'Electronique\n08:00 - 10:00\nMadame PHILIPPE", "start": "2022-01-29T08:00:00+0100", "end": "2022-01-29T10:00:00+0100", "allDay": false, "editable": true, "className": "est-epreuve"}, {"id": "21633955", "title": " - ISEN B506     (H)\nModule de Math\u00e9matiques 2 : Analyse\n10:20 - 12:20\nMadame SAINI", "start": "2022-01-29T10:20:00+0100", "end": "2022-01-29T12:20:00+0100", "allDay": false, "editable": true, "className": "est-epreuve"}, {"id": "19712379", "title": " - ISEN B803     (H)\nModule de Programmation 2 : Approfondissement\n08:00 - 10:05\nMadame VEILLON", "start": "2022-01-31T08:00:00+0100", "end": "2022-01-31T10:05:00+0100", "allDay": false, "editable": true, "className": "COURS_TD"}, {"id": "15241293", "title": " - ISEN C956     (H)\nModule d'Anglais S2\n10:20 - 12:25\nMadame EBENGA", "start": "2022-01-31T10:20:00+0100", "end": "2022-01-31T12:25:00+0100", "allDay": false, "editable": true, "className": "COURS_TD"}, {"id": "19774908", "title": " - ISEN C956     (H)\nModule d'Epist\u00e9mologie\n15:50 - 17:55\nMonsieur DELANGUE", "start": "2022-01-31T15:50:00+0100", "end": "2022-01-31T17:55:00+0100", "allDay": false, "editable": true, "className": "COURS_TD"}, {"id": "15576144", "title": " - ISEN C304 - Amphi JND     (H)\nModule de Math\u00e9matiques 3 : Arithm\u00e9tique\n08:00 - 10:05\nMadame SAINI", "start": "2022-02-01T08:00:00+0100", "end": "2022-02-01T10:05:00+0100", "allDay": false, "editable": true, "className": "CM"}, {"id": "19712395", "title": " - ISEN A816\nModule de Programmation 2 : Approfondissement\n10:20 - 12:25\nMadame VEILLON", "start": "2022-02-01T10:20:00+0100", "end": "2022-02-01T12:25:00+0100", "allDay": false, "editable": true, "className": "COURS_TD"}, {"id": "22493124", "title": " - ISEN B803     (H)\nModule de Technologies Web\n13:30 - 15:35\nMadame BENYOUSSEF", "start": "2022-02-01T13:30:00+0100", "end": "2022-02-01T15:35:00+0100", "allDay": false, "editable": true, "className": "COURS_TD"}, {"id": "15243228", "title": "Navette 60 Bd Vauban - Complexe sportif d'Enneti\u00e8res-en-Weppes\nModule de Sport S2\n16:00 - 18:20\nMonsieur ALEXANDRE", "start": "2022-02-01T16:00:00+0100", "end": "2022-02-01T18:20:00+0100", "allDay": false, "editable": true, "className": "TP"}, {"id": "15554732", "title": "TP n\u00b0 5 - ISEN B903 - TP ELEC\nModule d'\u00c9lectronique Pratique\n08:00 - 12:25\nMonsieur ABID", "start": "2022-02-02T08:00:00+0100", "end": "2022-02-02T12:25:00+0100", "allDay": false, "editable": true, "className": "TP"}, {"id": "15582018", "title": " - ISEN B803     (H)\nModule de Math\u00e9matiques 3 : Arithm\u00e9tique\n13:30 - 15:35\nMadame DHAYERE", "start": "2022-02-02T13:30:00+0100", "end": "2022-02-02T15:35:00+0100", "allDay": false, "editable": true, "className": "TD"}, {"id": "15597075", "title": " - ISEN A816\nModule de M\u00e9canique\n15:50 - 17:55\nMonsieur SCOTTEZ", "start": "2022-02-02T15:50:00+0100", "end": "2022-02-02T17:55:00+0100", "allDay": false, "editable": true, "className": "TD"}, {"id": "15576155", "title": " - ISEN C304 - Amphi JND     (H)\nModule de Math\u00e9matiques 3 : Arithm\u00e9tique\n08:00 - 10:05\nMadame SAINI", "start": "2022-02-03T08:00:00+0100", "end": "2022-02-03T10:05:00+0100", "allDay": false, "editable": true, "className": "CM"}, {"id": "15589369", "title": " - ISEN C304 - Amphi JND     (H)\nModule de M\u00e9canique\n10:20 - 12:25\nMonsieur N'KONOU", "start": "2022-02-03T10:20:00+0100", "end": "2022-02-03T12:25:00+0100", "allDay": false, "editable": true, "className": "CM"}, {"id": "23963845", "title": " - ISEN C854 - Salle DS\nModule de Programmation 2 : Approfondissement\n07:50 - 09:00\nMadame VEILLON", "start": "2022-02-04T07:50:00+0100", "end": "2022-02-04T09:00:00+0100", "allDay": false, "editable": true, "className": "est-epreuve"}, {"id": "23963877", "title": " - ISEN C854 - Salle DS\nModule de Technologies Web\n09:05 - 10:05\nMadame BENYOUSSEF", "start": "2022-02-04T09:05:00+0100", "end": "2022-02-04T10:05:00+0100", "allDay": false, "editable": true, "className": "est-epreuve"}, {"id": "15586704", "title": " - ISEN B803     (H)\nModule de Math\u00e9matiques 3 : Arithm\u00e9tique\n10:20 - 11:20\n DUBOIS", "start": "2022-02-04T10:20:00+0100", "end": "2022-02-04T11:20:00+0100", "allDay": false, "editable": true, "className": "TD"}, {"id": "15598534", "title": " - ISEN A816\nModule de M\u00e9canique\n11:25 - 12:25\nMonsieur SCOTTEZ", "start": "2022-02-04T11:25:00+0100", "end": "2022-02-04T12:25:00+0100", "allDay": false, "editable": true, "className": "TD"}, {"id": "23565952", "title": " - ISEN C956     (H)\nModule d'Informatique Pratique\n13:30 - 15:35\nMonsieur RICQ", "start": "2022-02-04T13:30:00+0100", "end": "2022-02-04T15:35:00+0100", "allDay": false, "editable": true, "className": "TP"}, {"id": "22494101", "title": " - ISEN B804     (H)\nModule d'Informatique Embarqu\u00e9e\n15:50 - 17:55\nMadame VEILLON", "start": "2022-02-04T15:50:00+0100", "end": "2022-02-04T17:55:00+0100", "allDay": false, "editable": true, "className": "TP"}]